method,success_rate,state_dist,final_latent_distance,planning_latency_sec,skill_consistency
hierarchical,0.07,264.4328410577774,0.009620743262348696,0.2493375534135474,0.20233303561387583
flat,0.07,355.2981102848053,0.008878376810171175,0.5641013694595243,0.0
